{"cameraMode":{"drawMode":0,"name":"Shaded","section":"Shading Mode"},"sceneLighting":false,"audioPlay":false,"sceneViewState":{"showFog":true,"showMaterialUpdate":false,"showSkybox":false,"showFlares":true,"showImageEffects":true,"showParticleSystems":true},"in2DMode":false,"pivot":{"x":-0.11999999731779099,"y":0.3149999976158142,"z":1.0379999876022339},"rotation":{"x":-0.22664998471736909,"y":0.13766756653785706,"z":-0.032379474490880969,"w":-0.9636539816856384},"size":0.06611605733633042,"orthographic":false}