{"cameraMode":{"drawMode":0,"name":"Shaded","section":"Shading Mode"},"sceneLighting":true,"audioPlay":false,"sceneViewState":{"showFog":true,"showMaterialUpdate":false,"showSkybox":true,"showFlares":true,"showImageEffects":true,"showParticleSystems":true},"in2DMode":false,"pivot":{"x":2.1471402645111086,"y":1.5849342346191407,"z":0.5069379806518555},"rotation":{"x":-0.14580950140953065,"y":-0.09393246471881867,"z":0.013910305686295033,"w":-0.9847450852394104},"size":5.183549880981445,"orthographic":false}