{"cameraMode":{"drawMode":0,"name":"Shaded","section":"Shading Mode"},"sceneLighting":false,"audioPlay":false,"sceneViewState":{"showFog":true,"showMaterialUpdate":false,"showSkybox":true,"showFlares":true,"showImageEffects":true,"showParticleSystems":true},"in2DMode":false,"pivot":{"x":-0.02083178609609604,"y":-0.0028756558895111086,"z":-2.6120481491088869},"rotation":{"x":0.04111917316913605,"y":-0.741833508014679,"z":0.045680418610572818,"w":0.6677621006965637},"size":3.0570831298828127,"orthographic":false}